drug1,drug2,label
fentanyl,toprol-xl,0
atrovent,natru-vent,1
avinza,paclitaxel,0
isotretinoin,tretinoin,1
brintellix,reserpine,0
lupron depot-ped,midrin,0
kapidex,myleran,0
desipramine,disopyramide,1
buspirone,femhrt,0
methergine,sufentanil,0
epinephrine,norepinephrine,1
lamivudine,soma,0
aripiprazole,atacand,0
diabeta,valganciclovir,0
metadate cd,metadate er,1
b   o,beano,1
30 novologmix 70 30,lamivudine,0
bayhep-b,cathflo activase,0
hydroxyzine,lexiva,0
enjuvia,mucomyst,0
amicar,florinef,0
aripiprazole,proton pump inhibitors,1
ethambutol,norcuron,0
cyclosporine,rozerem,0
carbamazepine,methergine,0
pradaxa,prilosec,0
humulin,tiagabine,0
doxorubicin liposomal,nexium,0
methylprednisolone,sarafem,0
carvedilol,sitagliptin,0
farxiga,omeprazole,0
fioricet,gentamicin,0
brevital,mifepristone,0
kuric,ritonavir,0
doxil,humira pen,0
azathioprine,proscar,0
lithium,ultram,1
acetazolamide,acetohexamide,1
zovirax,zyrtec-d,0
altocor,misoprostol mifepristone novolin70,0
cidex,renvela,0
lopressor,lyrica,1
tobradex,zerit,0
denavir,loniten,0
axert,bidex,0
brethine,methylphenidate,0
depakote,depakote er,1
covaryx hs,covera hs,1
tiagabine,tizanidine,1
casodex,hydromorphone,0
bidex,carbamazepine,0
arixtra,claritin-d 24,0
adacel,folic acid,0
levbid,trastuzumab,0
amantadine,bayrab,0
brevibloc,zyprexazydis,0
brevital,pavulon,0
benazepril,ethambutol,0
chlorpromazine,chlorpropamide,1
folinic acid,norvasc,0
rifampin,topamax,0
lamotrigine,seroquel,0
penicillamine,penicillin,1
glipizide,visionblue,0
orencia,prednisone,0
edetate disodium,precose,0
depakote er,kuric,0
probenecid,thiamine,0
viokase,zyrtec,0
cyclosporine,serophene,0
bicillin l-a,colchicine,0
dobutamine,probenecid,0
diflucan,diprivan,1
amantadine,daunorubicin,0
codeine,daunorubicin citrate liposomal,0
cyclophosphamide,engerix-b adult,0
novolog,ropinirole,0
desipramine,metadate cd,0
guaifenesin,mucinex d,0
desyrel,probenecid,0
fluvoxamine,pamelor,0
neurontin,novolin70 30,0
polycitra,viracept,0
brevital,zyrtec-d,0
salagen,selegiline,1
lexiva,novologflexpen,0
paclitaxel protein-bound particles,percocet,0
pneumococcal 7-valent vaccine,pneumococcal polyvalent vaccine,1
rifadin,rifater,1
ortho tri-cyclen,ortho tri-cyclen lo,1
rabeprazole,zyprexa,0
desipramine,levoleucovorin,0
adalimumab,infliximab,1
bayrho-d,precare,0
cyclosporine,zebeta,0
cathflo activase,intuniv,0
colace,sarafem,0
advair,advicor,1
fomepizole,paxil,0
acetic acid for irrigation,rifater,0
bicitra,tiazac,0
neumega,procardia xl,0
femhrt,oxcarbazepine,0
adacel,daptacel,1
fluoxetine,loxitane,1
lamotrigine,levothyroxine,1
brethine,methergine,1
bidex,mevacor,0
altocor,silodosin,0
k-phos neutral,metadate er,0
methylphenidate,wellbutrin sr,0
abelcet,prozac,0
menactra,menomune,1
cymbalta,tretinoin,0
rapaflo,rapamune,1
benicar,ocuflox,0
methylene blue,zyrtec,0
menactra,ocuflox,0
sarafem,serophene,1
clindesse,clindets,1
glycotrol,infliximab,0
testoderm tts,testoderm with adhesive,1
viracept,zyprexazydis,0
factor ix complex  vapor heated,trazodone,0
loniten,zolpidem,0
heparin,ritonavir,0
jantoven,januvia,1
mucinex d,mucinex dm,1
orencia,ritalin,0
accupril,neulasta,0
toprol-xl,viokase,0
rifamate,rifampin,1
doxorubicin,risperidone,0
arixtra,saquinavir mesylate,0
proscar,provera,1
l-dopa,pradaxa,0
bicillin c-r,florinef,0
folic acid,folinic acid,1
claritin,claritin eye,1
amiodarone,foltx,0
adacel,lexapro,0
ocuflox,perflutren lipid microspheres,0
keppra,warfarin,0
doxil,letaris,0
potassium acetate,salagen,0
neulasta,renvela,0
acetic acid for irrigation,amerge,0
humalogmix 75,novologflexpen,0
dynacin,saquinavir mesylate,0
darvon,kadian,0
covaryx hs,peptavlon,0
desyrel,loniten,0
avandia,babybig,0
pralatrexate,zyrtec,0
mitomycin,mitoxantrone,1
florastor,zegerid,0
disopyramide,glyburide,0
covera hs,fentanyl,0
mitomycin,sandostatin,0
isordil,lupron depot-ped,0
rifampin,roxicodone intensol,0
capadex,kapidex,1
fortical,ortho tri-cyclen lo,0
healon,misoprostol,0
clozaril,humalogmix 75 25,0
lanthanum carbonate,pradaxa,0
isordil,plendil,1
invanz,zyrtec-d,0
apresoline,cortrosyn,0
engerix-b pediatric adolescent,orencia,0
ethmozine,wellbutrin sr,0
perflutren lipid microspheres,probenecid,0
advicor,taxotere,0
dobutamine,dopamine,1
neurontin,oxycontin,0
rifampin,ritalin,0
diamox,lanoxin,0
pilocar,testoderm,0
apidra,spiriva,1
bextra,zetia,1
latuda,midrin,0
advair,clobazam,0
carvedilol,pyridium,0
appear in black  generic,cerebyx,0
micronase,proscar,0
sonata,vincristine,0
protamine,protonix,1
doxorubicin,perflutren lipid microspheres,0
abelcet,amphotericin b,1
celebrex,celexa,1
dilaudid-5,eldepryl,0
razadyne,rozerem,1
potassium acetate,sodium acetate,1
mitoxantrone,seroquel,0
epirubicin,prednisolone,0
inderal,mitoxantrone,0
micronase,neulasta,0
lanoxin,levothyroxine,1
dilaudid,dilaudid-5,1
mucinex allergy,nimodipine,0
nystatin,pyridoxine,0
orgaran,valcyte,0
infliximab,tnkase,0
bupropion,plavix,0
lariam,levaquin,1
loxitane,soriatane,1
tambocor,tylenol,0
precare,precose,1
avandamet,diovan,0
nexavar,nexium,1
acetazolamide,duricef,0
omacor,symbyax,0
foradil,fortical,1
testoderm tts,warfarin,0
ethaverine,sumatriptan,0
acetazolamide,farxiga,0
allegra anti-itch cream,lexiva,0
doxorubicin liposomal,letairis,0
epinephrine,pamelor,0
chlordiazepoxide,os-cal,0
humalogmix 75,lanthanum carbonate,0
b   o  belladonna,viokase,0
healon,hyalgan,1
ado-trastuzumab emtansine,mifepristone,0
glucotrol,mitomycin,0
allegra,serzone,0
morphine,videx,0
codeine,taxol,0
depo-provera,metadate cd,0
mucinex allergy,mucinex dm,0
hydroxyzine,microzide,0
amiloride,tobrex,0
hydrea,lyrica,1
zestril,zyloprim,0
levetiracetam,roxanol,0
jantoven,janumet,1
activase,trental,0
focalgin b,focalin,1
chlordiazepoxide,chlorpromazine,1
kaletra,sarafem,0
sarafem,sufentanil,0
influenza virus vaccine,perflutren lipid microspheres,1
glyburide,sonata,0
tequin,ticlid,1
kadian,kapidex,1
bicitra,norcuron,0
benicar,folinic acid,0
bicillin c-r,mevacor,0
renvela,testoderm with adhesive,0
levodopa,sulfadiazine,0
carboplatin,cisplatin,1
zantac,zyrtec,1
desyrel,prilosec,0
neulasta,neumega,1
b   o,menactra,0
nystatin,quetiapine,0
brintellix,sarafem,0
metolazone,pemetrexed,0
guaifenesin,metadate,0
ethambutol,toradol,0
tramadol,trazodone,1
paxil,roxanol,0
os-cal,zonegran,0
opium tincture,tylenol,0
daunorubicin,depakote er,0
argatroban,zovirax,0
dioval,glucotrol,0
humulinr u-100,rozerem,0
fluoxetine,humapen memoir,0
thalomid,zolpidem,0
sonata,soriatane,1
methylene blue,retrovir,0
adacel,pradax,0
daunorubicin,tobradex,0
celebrex,coumadin,0
glycotrol,silodosin,0
activase,cathflo activase,1
benazepril,ethaverine,0
probenecid,tromethamine,0
amlodipine,sulfisoxazole,0
amlodipine,estratest,0
humulin70 30,mephyton,0
piroxicam,topamax,0
arista ah,humulinr u-100,0
alkeran,glycotrol,0
levoleucovorin,opium  beano celexa cerebyx,0
metronidazole,xanax,0
bicitra,pradaxa,0
dexmethylphenidate,nystatin,0
floranex,florinef,1
captopril,valganciclovir,0
advicor,factor ix complex  vapor heated,0
glucotrol,humapen memoir,0
brevibloc,brevital,1
amicar,tylenol pm,0
zyrtec,zyrtec-d,1
micronase,tramadol,0
aggrastat,argatroban,1
menomune,methimazole,0
actonel,humapen memoir,0
cedax,cidex,1
fluoxetine,gentian violet,0
mephyton,methadone,1
kapidex,neutra-phos-k,0
quinine,zebeta,0
norpramin,pralatrexate,0
alkeran,myleran,1
aggrastat,fioricet,0
argatroban,orgaran,1
arista ah,isordil,0
fortical,serzone,0
humapen memoir,sodium acetate,0
metoprolol tartrate,tequin,0
januvia,tenex,0
metadate er,rifater,0
roxicet,sandostatin,0
allegra anti-itch cream,codeine,0
adacel,diphenhydramine,0
flonase,neupogen,0
motrin,neurontin,1
durasal,novologmix 70 30 flexpen,0
fanapt,occlusal-hp,0
acetazolamide,amikin,0
flavoxate,vosol,0
prednisolone,prednisone,1
lanoxin,ritalin,0
effexor,enablex,0
sulfadiazine,sulfasalazine,1
myleran,roxanol,0
bicillin l-a,focalgin b,0
renvela,vesanoid,0
acetic acid for irrigation,mirapex,0
aciphex,capex,0
zostrix,zovirax,1
antacid,atacand,1
depo-medrol,hmg-coa reductase inhibitors,0
asacol,duloxetine,0
testoderm,testoderm with adhesive,1
glipizide,zantac,0
levetiracetam,paclitaxel protein-bound particles,0
aripiprazole,covera hs,0
infliximab,rituximab,1
elavil,ponatinib,0
pamelor,tambocor,1
ortho tri-cyclen,zyban,0
aldara,sumatriptan,0
captopril,diprivan,0
plavix,pradax,1
darvocet,lotronex,0
lovenox,t-pa,0
avandamet,videx,0
metoprolol tartrate,zonegran,0
clozaril,tylenol,0
bupropion,buspirone,1
bio-t-gel,dimenhydrinate,0
activase,fioricet,0
rifater,wellbutrin sr,0
cozaar,methylphenidate,0
guaifenesin,guanfacine,1
diabeta,granulex,0
lamotrigine,pralatrexate,0
celebrex,reminyl,0
narcan,vincristine,0
advicor,altocor,1
factor ix complex  vapor heated,liothyronine,0
apidra,reprexain,0
lamotrigine,zovirax,0
glucotrol,neumega,0
capadex,levofloxacin,0
tegretol,tegretol xr,1
narcan,protonix,0
allegra anti-itch cream,tambocor,0
alprazolam,lorazepam,1
daptacel,letaris,0
lyrica,vosol,0
avandia,mucinex dm,0
aciphex,antivert,0
lanthanum carbonate,tolazamide,0
diabeta,levoleucovorin,0
clonidine,glycotrol,0
humulinr u-100,humulinr u-500,1
iodine,ultracet,0
duricef,ultracet,1
foradil,toradol,1
avandamet,sinemet,0
ceftriaxone,ketorolac,0
amlodipine,toprol-xl,0
cetirizine,metadate er,0
brethine,ritalin la,0
covaryx hs,depo-provera,0
glycotrol,sudafed pe,0
amiloride,amlodipine,1
ritodrine,tegretol xr,0
apresoline,lasix,0
aripiprazole,levemir,0
azilect,metadate er,0
clomiphene,clomipramine,1
metformin,metronidazole,1
levofloxacin,saquinavir,0
anacin-3,seroquel,0
30 novologmix 70 30,misoprostol mifepristone novolin70,1
anzemet,enablex,0
rifadin,soma compound,0
keppra,sulfasalazine,0
maalox,prenexa,0
levocarnitine,panlor dc,0
infliximab,neupogen,0
claritin-d 24,xanax,0
aripiprazole,letairis,0
lupron depot-3 month,paregoric,0
misoprostol mifepristone novolin70,zonegran,0
methimazole,metolazone,1
anacin,mirapex,0
sudafed 12 hour,zovirax,0
fioricet,fiorinal,1
diphenhydramine,maalox total stomach relief,0
misoprostol mifepristone novolin70,viagra,0
clobazam,nicardipine,0
ketorolac,serzone,0
cetirizine,zetia,0
bayhep-b,cymbalta,0
sertraline,soriatane,1
healon,paroxetine,0
procardia xl,toradol,0
tromethamine,trophamine,1
cathflo activase,fomepizole,0
atacand,wellbutrin xl,0
inderal,trental,0
anacin,hespan,0
inderal,serzone,0
levofloxacin,recombivax hb,0
glyburide,zegerid,0
sonata,vexol,0
metronidazole,vinblastine,0
humalog,ortho tri-cyclen,0
trental,vincristine,0
codeine,fomepizole,0
doribax,ritonavir,0
acetic acid for irrigation,glacial acetic acid,1
evista,lopressor,0
argatroban,diflucan,0
lamivudine,lamotrigine,1
acetazolamide,neupogen,0
amicar,lyrica,0
amiloride,nystatin,0
nexavar,percocet,0
ritodrine,sulfasalazine,0
atrovent,tricor,0
peptavlon,wellbutrin sr,0
adacel,recombivax hb,0
folinic acid,lorazepam,0
depakote,lexiva,0
humulinr u-100,rifadin,0
clindesse,rifaximin,0
levothyroxine,liothyronine,1
sotalol,sudafed,1
chlorpromazine,engerix-b pediatric adolescent,0
nalbuphine,patanol,0
cycloserine,cyclosporine,1
depo-subq provera 104,effexor xr,0
lantus,latuda,1
provera,prozac,1
factor ix complex  vapor heated,methylene blue,0
bidex,humalogmix 75 25,0
asacol,rifadin,0
dobutamine,folinic acid,0
hmg-coa reductase inhibitors,nystatin,1
natru-vent,zyvox,0
arixtra,sinequan,0
anacin,anacin-3,1
capex,rifaximin,0
folinic acid,nexavar,0
chlorpropamide,levofloxacin,0
elavil,paregoric,0
claritin-d,claritin-d 24,1
cymbalta,symbyax,1
ethaverine,mifepristone,0
novolin,roxicodone intensol,0
depakote,dopamine,0
methadone,methylphenidate,1
edetate calcium disodium,lovenox,0
farxiga,lipitor,0
retrovir,ritonavir,1
covera hs,oxycodone,0
brevital,levemir,0
appear in black  generic,lanoxin,0
capex,kapidex,1
lunesta,neulasta,1
nalbuphine,naloxone,1
hydrocodone,zocor,0
azacitidine,ultram,0
factor ix complex  vapor heated,reserpine,0
glipizide,healon,0
prenexa,tracleer,0
anacin-3,ephedrine,0
claritin eye,paroxetine,0
lipitor,yasmin,0
fentanyl,glyburide,0
florinef,percocet,0
singulair,zocor,0
casodex,duloxetine,0
depo-medrol,metadate,0
enbrel,tracleer,0
depakote,eldepryl,0
gentian violet,naloxone,0
daunorubicin,idarubicin,1
hydralazine,letaris,0
folex,mifepristone,0
testoderm,testoderm tts,1
valcyte,valtrex,1
atrovent,mucinex,0
cathflo activase,varivax,0
fanapt,sinequan,0
flavoxate,pavulon,0
advair,nuedexta,0
metadate er,methadone,1
amiodipine,depo-subq provera 104,0
neurontin,sudafed pe,0
ceftriaxone,lamictal,0
anzemet,mephyton,0
ceftriaxone,depakote,0
humalogmix 75,silodosin,0
lodine,sumatriptan,0
os-cal,tracleer,0
ketalar,paroxetine,0
benicar,mevacor,1
focalgin b,sotalol,0
darvon,diovan,1
daunorubicin,folex,0
brintellix,rozerem,0
letaris,leucovorin calcium,0
misoprostol mifepristone novolin70,tolbutamide,0
risperidone,ropinirole,1
seroquel,serzone,1
metadate,methadone,1
l-dopa,levodopa,1
brintellix,letairis,0
altocor,zelapar,0
estratest,ritalin sr,0
sandostatin,testoderm,0
gentamicin,zyban,0
normodyne,norpramin,1
azathioprine,cathflo activase,0
oxycodone,valtrex,0
kaletra,liothyronine,0
mucomyst,wellbutrin sr,0
granulex,regranex,1
misoprostol mifepristone novolin70,valganciclovir,0
cidex,ms contin,0
bayhep-b,levbid,0
aricept,gentamicin,0
fluvoxamine,matulane,0
bayhep-b,sandimmune,0
celebrex,cerebyx,1
daunorubicin,daunorubicin citrate liposomal,1
zelapar,zyprexazydis,1
lupron depot-3 month,lupron depot-ped,1
metadate,proton pump inhibitors,0
estratest,estratest hs,1
capadex,flonase,0
30 novologmix 70 30,ambisome,0
lipitor,warfarin,0
zolpidem,zyloprim,1
dilaudid,zyprexazydis,0
amantadine,ranitidine,1
menactra,valganciclovir,0
rifampin,sirolimus,0
levbid,sulfisoxazole,0
amlodipine,serzone,0
pavulon,prozac,0
razadyne,sudafed,0
alora,doribax,0
apresoline,coagulation factor ix,0
carac,daunorubicin,0
lyrica,orencia,0
isordil,lodine,0
lamisil,sinequan,0
ceftriaxone,rifaximin,0
motrin,mucinex d,0
humapen memoir,lovenox,0
dilacor xr,pradaxa,0
dioval,tambocor,0
enablex,trophamine,0
humapen memoir,humira pen,1
dynacin,pneumococcal 7-valent vaccine,0
norpramin,saquinavir mesylate,0
acetohexamide,mitomycin,0
asacol,dobutamine,0
clonazepam,clonidine,1
atomoxetine,atorvastatin,1
pazopanib,ponatinib,1
avandia,prandin,1
desipramine,fetzima,0
k-phos neutral,zyrtec-d,0
claritin-d 24,gentian violet,0
lexiva,misoprostol mifepristone novolin70,0
arista ah,glacial acetic acid,0
precose,toprol-xl,0
pradaxa,symbyax,0
focalin,novologflexpen,0
azilect,lithium carbonate,0
penicillin,vincristine,0
phenobarbital,sarafem,0
amerge,oxycodone,0
brethine,novologmix 70 30 flexpen,0
latuda,levbid,0
ketorolac,morphine,0
adderall,reprexain,0
cozaar,lente,0
tegretol,trental,1
effexor,procardia xl,0
diovan,ocuflox,0
loniten,zyrtec-d,0
amicar,cisplatin,0
probenecid,vosol,0
metformin,zyprexa,0
ethmozine,femara,0
bidex,videx,1
avandia,ponatinib,0
natru-vent,seroquel xr,0
cetirizine,pemetrexed,0
healon,humulinr u-100,0
doxorubicin,idarubicin,1
dactinomycin,daptomycin,1
neurontin,noroxin,1
heparin,hespan,1
ms contin,oxycontin,1
novologmix 70 30,protonix,0
allegra,dactinomycin,0
patanol,purinethol,0
folex,hydromorphone,0
diamox,effexor,0
acetic acid for irrigation,infliximab,0
gentamicin,gentian violet,1
amerge,buspirone,0
dexmethylphenidate,methadone,1
daunorubicin,paregoric,0
opium  beano celexa cerebyx,piroxicam,0
maxzide,ranexa,0
arixtra,soma,0
solu-cortef,tequin,0
misoprostol,sotalol,0
mucinex d,trental,0
amaryl,amerge,1
apresoline,priscoline,1
paxil,plavix,1
lupron depot-ped,rozerem,0
materna,matulane,1
florastor,os-cal,0
procanbid,sonata,0
infliximab,sufentanil,0
elavil,purinethol,0
amerge,granulex,0
purinethol,tequin,0
depakote,femara,0
gentian violet,mucinex d,0
nuedexta,ranexa,0
captopril,zantac,0
daunorubicin,fiorinal,0
amiloride,pazopanib,0
acetohexamide,fortical,0
zestril,zetia,1
zyrtec,zyrtecitchy eye drops,1
lotronex,protonix,1
lunesta,zyrtecitchy eye drops,0
sulfadiazine,trazodone,0
bio-t-gel,t-gel,1
vesanoid,vesicare,1
sudafed,tiazac,0
dilaudid,metolazone,0
saquinavir,saquinavir mesylate,1
bayrab,viokase,0
nexium,videx,0
anacin,levoleucovorin,0
anacin-3,protamine,0
trophamine,valacyclovir,0
protamine,regranex,0
allegra,allegra anti-itch cream,1
menomune,zyban,0
januvia,norcuron,0
alora,hydrea,0
clomiphene,tegretol xr,0
axert,valganciclovir,0
tramadol,valtrex,0
norepinephrine,sudafed pe,0
ritalin la,ritalin sr,1
effexor,platinol,0
amaryl,lamictal,0
dimenhydrinate,levemir,0
celebrex,sitagliptin,0
lotronex,nexium,0
adacel,bicillin c-r,0
amaryl,reminyl,1
amantadine,topamax,0
carbamazepine,doxorubicin,0
norcuron,propylthiouracil,0
brevibloc,metadate er,0
bextra,zelapar,0
azathioprine,dexmethylphenidate,0
diprivan,ditropan,1
dilacor xr,iodine,0
chlorpropamide,ketorolac,0
desipramine,imipramine,1
anzemet,chlordiazepoxide,0
lupron depot-ped,oxycontin,0
keflex,kuric,0
cedax,xenical,0
metoprolol tartrate,taxol,0
rituximab,zyprexazydis,0
cardura,retrovir,0
aricept,elavil,0
florinef,isordil,0
navane,tiagabine,0
prilosec,prozac,1
ethmozine,zyrtecitchy eye drops,0
anacin,benicar,0
leucovorin calcium,pexeva,0
enjuvia,januvia,1
codeine,lodine,1
capadex,nystatin,0
aggrenox,saquinavir,0
ethambutol,ethmozine,1
denavir,valtrex,0
olanzapine,peptavlon,0
solu-cortef,solu-medrol,1
cortrosyn,zetia,0
covaryx hs,lasix,0
nimodipine,ropinirole,0
topamax,toprol-xl,1
quetiapine,testoderm,0
anacin,lupron depot-ped,0
tizanidine,zantac,0
protain xl,zerit,0
desyrel,pradaxa,0
carac,humapen memoir,0
diphenhydramine,ziac,0
claritin-d 24,t-pa,0
aricept,inspra,0
pyridoxine,vesanoid,0
fortical,piroxicam,0
hydromorphone,morphine,1
evista,neupogen,0
lexapro,loxitane,1
heparin,warfarin,1
tiazac,zyloprim,0
apidra,zantac,0
ms contin,zyloprim,0
fomepizole,metadate,0
solu-cortef,tizanidine,0
flumazenil,influenza virus vaccine,1
liothyronine,restoril,0
liothyronine,singulair,0
dopamine,midodrine,0
lipitor,loniten,1
oracea,orencia,1
tylenol,tylenol pm,1
focalgin b,mucinex dm,0
alora,isordil,0
clonidine,norvasc,0
anacin,lanthanum carbonate,0
depo-subq provera 104,duloxetine,0
methylene blue,visionblue,1
diprivan,prilosec,0
hydrea,protain xl,0
alprazolam,protain xl,0
soma,soma compound,1
lamisil,thalomid,0
kineret,loxitane,0
piroxicam,precose,0
apresoline,soma compound,0
mifepristone,misoprostol,1
clonidine,lopressor,0
atorvastatin,zebeta,0
tolazamide,tolbutamide,1
t-gel,xenical,0
benicar,novolin70 30,0
miralax,wellbutrin sr,0
eribulin,pavulon,0
levbid,lithium carbonate,0
eribulin,levaquin,0
levetiracetam,sodium acetate,0
avandamet,latuda,0
methadone,reminyl,0
invega,xanax,0
advicor,metoprolol succinate,0
depo-provera,depo-subq provera 104,1
lexiva,pexeva,1
neupogen,viramune,0
bicillin c-r,diflucan,0
femhrt,mifepristone,0
elavil,eldepryl,1
bicillin c-r,humulinr u-500,0
priscoline,ticlid,0
toradol,vesicare,0
dynacin,dynacirc,1
gentamicin,ocuflox,0
cetirizine,sertraline,1
hydroxyzine,tegretol,0
intuniv,oxcarbazepine,0
sudafed,sudafed pe,1
amerge,ritodrine,0
coagulation factor ix,rifater,0
humulinr u-100,tnkase,0
reprexain,zyprexa,1
rabeprazole,tobrex,0
asacol,priscoline,0
humulin,proscar,0
t-pa,ultram,0
dexmethylphenidate,ortho tri-cyclen,0
renagel,yaz,0
activase,tnkase,1
fluoxetine,paroxetine,1
saquinavir,sinequan,1
lamivudine,viokase 8,0
enablex,glyburide,0
humulin,precare,0
dilacor xr,menomune,0
carac,kuric,1
clindesse,midrin,0
b   o,mifepristone,0
enjuvia,sinequan,0
coumadin,novolog,0
granulex,trophamine,0
hydrea,ultram,0
clobazam,clonazepam,1
humapen memoir,toradol,0
novolog,rifampin,0
leukeran,matulane,0
allegra anti-itch cream,kaletra,0
amantadine,amiodarone,1
acetic acid for irrigation,tramadol,0
propylthiouracil,purinethol,1
capadex,ethaverine,0
celexa,cortrosyn,0
midodrine,neurontin,0
idarubicin,prograf,0
amiloride,claritin-d 24,0
bayrho-d,metronidazole,0
influenza virus vaccine,rapaflo,0
neulasta,nuedexta,1
metformin,nuedexta,0
daunorubicin,lunesta,0
aldara,tnkase,0
fentanyl,lente,0
panlor dc,ritalin la,0
testoderm with adhesive,zestril,0
clozaril,humulinr u-100,0
daunorubicin,purinethol,0
humulin,sulfisoxazole,0
30 novologmix 70 30,restoril,0
cedax,toprol-xl,0
metadate cd,topamax,0
gentamicin,idarubicin,0
brevital,edetate disodium,0
reminyl,tegretol,0
vexol,vosol,1
cozaar,zocor,1
amiloride,casodex,0
aggrastat,aggrenox,1
desyrel,seroquel,1
neumega,neupogen,1
clindesse,lopressor,0
celexa,micronase,0
alprazolam,tizanidine,0
glucotrol,glycotrol,1
flonase,testoderm,0
acetic acid for irrigation,mucomyst,0
sitagliptin,sumatriptan,1
sandimmune,sandostatin,1
diamox,lamisil,0
aggrastat,saquinavir,0
epinephrine,serophene,0
ceftriaxone,methylene blue,0
doribax,jantoven,0
doribax,propylthiouracil,0
codeine,other products appear in red,0
dynacin,levoleucovorin,0
amiloride,amphotericin b,0
enjuvia,risperidone,0
midodrine,midrin,1
aciphex,dexmethylphenidate,0
metolazone,sulfasalazine,0
ketorolac,methadone,1
cidex,matulane,0
vinblastine,vincristine,1
allegra anti-itch cream,bicillin c-r,0
amiodipine,benazepril,0
serophene,zegerid,0
casodex,kapidex,1
maalox,methylene blue,0
letairis,zovirax,0
sumatriptan,zolmitriptan,1
prozac,rituximab,0
casodex,norpramin,0
kuric,nexavar,0
depo-medrol,solu-medrol,1
clindets,plendil,0
sinequan,zonegran,1
maalox,sonata,0
beano,humulin70 30,0
occlusal-hp,ocuflox,1
letairis,zyrtec,0
novolin,ranitidine,0
engerix-b adult,engerix-b pediatric adolescent,1
daunorubicin,pavulon,0
percocet,rifamate,0
loniten,morphine,0
babybig,hbig,1
carvedilol,propylthiouracil,0
diphenhydramine,zyprexa,0
ethmozine,femhrt,0
depo-medrol,pemetrexed,0
bicillin l-a,gentamicin,0
arista ah,arixtra,1
vioxx,zyvox,1
matulane,pradaxa,0
depo-subq provera 104,plendil,0
patanol,platinol,1
silodosin,toradol,0
nifedipine,viokase,0
enbrel,zantac,0
cathflo activase,solu-medrol,0
cymbalta,solu-medrol,0
norcuron,seroquel,0
dimenhydrinate,lithium carbonate,0
lasix,luvox,1
florastor,lupron depot-ped,0
adderall xr,depo-subq provera 104,0
doxorubicin,tenex,0
cozaar,prozac,0
hmg-coa reductase inhibitors,sirolimus,0
propylthiouracil,sandimmune,0
prenexa,quinine,0
sodium acetate,tegretol,0
intuniv,invega,1
misoprostol mifepristone novolin70,testoderm,0
hydromorphone,lupron depot-ped,0
idarubicin,l-dopa,0
avandia,coumadin,1
anacin-3,benicar,0
precare,serophene,0
prenexa,symbyax,0
dynacirc,varivax,0
inderal,rifampin,0
pavulon,peptavlon,1
mucinex dm,potassium acetate,0
azacitidine,azathioprine,1
miralax,mirapex,1
maalox,ritalin la,0
toradol,videx,0
metadate cd,nicardipine,0
bayhep-b,sarafem,0
estratest hs,sufentanil,0
humulinr u-500,keppra,0
cyclosporine,tambocor,0
adderall xr,janumet,0
advicor,aggrastat,0
allegra,viagra,1
clomipramine,invega,0
prednisolone,zolpidem,0
humalogmix 75 25,zetia,0
enbrel,levbid,1
olanzapine,quetiapine,1
bupropion,valganciclovir,0
dynacirc,lente,0
nifedipine,vesanoid,0
lamotrigine,levetiracetam,1
clobazam,clonidine,0
enablex,mucinex,0
humalogmix 75,visionblue,0
narcan,norcuron,1
colazal,lamivudine,0
brilinta,brintellix,1
lanthanum carbonate,lithium carbonate,1
desyrel,metoprolol succinate,0
amiodipine,diprivan,0
comvax,granulex,0
comvax,phenobarbital,0
allegra anti-itch cream,methylphenidate,0
diabenese,diamox,1
cathflo activase,ranitidine,0
alora,oracea,0
adderall,adderall xr,1
iodine,lodine,1
novolin70 30,novologmix 70 30,1
b   o,mitoxantrone,0
ceftriaxone,procanbid,0
methadone,misoprostol,0
benicar,zyprexa,0
flonase,flovent,1
seroquel,sinequan,1
actos,mifepristone,0
bidex,pralatrexate,0
infliximab,lamictal,0
hmg-coa reductase inhibitors,paxil,0
aricept,celebrex,0
seroquel,sulfasalazine,0
procardia xl,protain xl,1
captopril,zovirax,0
adderall xr,mevacor,0
clonidine,florinef,0
darvon,glacial acetic acid,0
asacol,os-cal,1
colazal,paxil,0
kineret,tobrex,0
cortrosyn,engerix-b pediatric adolescent,0
leucovorin calcium,leukeran,1
tobradex,tobrex,1
adderall,inderal,1
brilinta,nuedexta,0
claritin,doxil,0
quetiapine,rifamate,0
cardene,cardizem,1
appear in black  generic,other products appear in red,1
b   o  belladonna,brethine,0
evista,zerit,0
dilacor xr,tegretol,0
mifepristone,nicardipine,0
cathflo activase,hespan,0
brilinta,ritalin la,0
epirubicin,eribulin,1
duricef,ethambutol,0
zebeta,zetia,1
metoprolol succinate,viramune,0
anacin,toprol-xl,0
humulin70 30,lente,0
navane,norvasc,1
amikin,pristiq,0
fluvoxamine,hbig,0
narcan,penicillamine,0
chlordiazepoxide,durasal,0
fanapt,xanax,1
claritin eye,quinine,0
maxzide,razadyne,0
atrovent,desipramine,0
dilaudid,t-gel,0
bio-t-gel,doxorubicin,0
fetzima,ritalin sr,0
glyburide,tracleer,0
babybig,k-phos neutral,0
dilaudid,sinequan,0
femara,ponatinib,0
altocor,glycotrol,0
januvia,rapamune,0
plavix,pradaxa,1
ambisome,depakote er,0
zestril,zyprexa,1
ethaverine,etravirine,1
novologmix 70 30 flexpen,rifadin,0
motrin,qwell,0
bayhep-b,bayrho-d,1
hydralazine,hydroxyzine,1
dobutamine,zerit,0
fanapt,taxotere,0
engerix-b pediatric adolescent,pneumococcal 7-valent vaccine,0
avinza,evista,1
hydrocodone,oxycodone,1
enbrel,vexol,0
hydrogesic,tracleer,0
probenecid,singulair,0
levoleucovorin,tenex,0
clomipramine,propylthiouracil,0
lamivudine,procet,0
enjuvia,letaris,0
fioricet,florinef,0
cerebyx,zolmitriptan,0
humapen memoir,pyridoxine,0
etravirine,lantus,0
chlordiazepoxide,quinidine,0
arixtra,glucotrol,0
durasal,yaz,0
janumet,viokase,0
glacial acetic acid,lodine,0
nicardipine,nifedipine,1
lariam,valcyte,0
axert,hydrocodone,0
dopamine,reminyl,0
sudafed 12 hour,sudafed 12 hour pressure   pain,1
bicillin l-a,glycotrol,0
doxorubicin,procardia xl,0
brethine,precose,0
micronase,microzide,1
pentobarbital,phenobarbital,1
patanol,pristiq,0
amaryl,trental,0
jantoven,zegerid,0
lamictal,lamisil,1
zerit,zyrtec,1
metoprolol succinate,metoprolol tartrate,1
enjuvia,liothyronine,0
aciphex,kadian,0
dioval,zyrtecitchy eye drops,0
occlusal-hp,zolpidem,0
prilosec,topamax,0
bayrab,bayrho-d,1
anacin,pexeva,0
keflex,keppra,1
t-gel,taxotere,0
capadex,penicillin,0
chlorpromazine,diphenhydramine,0
sodium acetate,warfarin,0
glycotrol,norpramin,0
hbig,metronidazole,0
femara,femhrt,1
babybig,morphine,0
dioval,tylenol pm,0
procanbid,thiamine,0
lipitor,zyrtec,1
folex,foltx,1
acetazolamide,colchicine,0
neutra-phos-k,vesicare,0
lanoxin,naloxone,1
anacin-3,guanfacine,0
ambisome,ortho tri-cyclen,0
kwell,ponatinib,0
claritin eye,rapamune,0
aciphex,aricept,1
femhrt,midrin,0
chlordiazepoxide,heparin,0
claritin,roxicodone intensol,0
bicillin c-r,humulin70 30,0
midodrine,rabeprazole,0
t-gel,vexol,0
b   o  belladonna,cathflo activase,0
spiriva,vioxx,0
ethmozine,fanapt,0
coagulation factor ix,factor ix complex  vapor heated,1
vesicare,zyprexazydis,0
humulinr u-500,levetiracetam,0
oxycodone,oxycontin,1
altocor,pentobarbital,0
sarafem,tequin,0
clonazepam,lorazepam,1
covera hs,inderal,0
diabeta,zebeta,1
levetiracetam,levofloxacin,1
argatroban,valacyclovir,0
solu-cortef,warfarin,0
folinic acid,oxcarbazepine,0
benadryl,benazepril,1
cetirizine,hespan,0
bayrab,norepinephrine,0
sinequan,singulair,1
novologflexpen,novologmix 70 30 flexpen,1
inspra,spiriva,1
benicar,taxol,0
zyprexa,zyrtec,1
atorvastatin,tizanidine,0
zegerid,zestril,1
foradil,rifater,0
paclitaxel protein-bound particles,tobradex,0
adderall,heparin,0
celexa,pamelor,0
cidex,januvia,0
anacin,chlordiazepoxide,0
clonidine,mucinex d,0
aripiprazole,rabeprazole,1
iodine,tolbutamide,0
qwell,sertraline,0
restoril,zyrtecitchy eye drops,0
indinavir,levetiracetam,0
covaryx hs,vesanoid,0
codeine,wellbutrin sr,0
avandamet,januvia,0
methylprednisolone,tnkase,0
cardura,coumadin,1
sodium acetate,viokase,0
paclitaxel,paclitaxel protein-bound particles,1
pradaxa,protain xl,0
farxiga,fetzima,1
maxzide,procet,0
nuedexta,protonix,0
actonel,actos,1
viracept,viramune,1
cidex,inspra,0
tambocor,taxol,0
celebrex,indinavir,0
cardizem,chlorpromazine,0
xeloda,xenical,1
carac,testoderm tts,0
antacid,estratest hs,0
t-pa,tnkase,1
colazal,humulin70 30,0
dimenhydrinate,diphenhydramine,1
lyrica,wellbutrin xl,0
letairis,letaris,1
fentanyl,sufentanil,1
dilacor xr,elavil,0
anacin-3,disopyramide,0
azacitidine,durasal,0
aldara,alora,1
fiorinal,sirolimus,0
chlordiazepoxide,dobutamine,0
keflex,vincristine,0
arixtra,procet,0
daptomycin,metolazone,0
elavil,glacial acetic acid,0
effexor xr,enablex,1
casodex,hydrogesic,0
neulasta,proton pump inhibitors,0
diabenese,qwell,0
hydralazine,protain xl,0
nalbuphine,sertraline,0
rapamune,robinul,0
humapen memoir,motrin,0
prenexa,ziac,0
lasix,prilosec,0
folic acid,trastuzumab,0
atrovent,penicillin,0
l-dopa,tobradex,0
sulfadiazine,sulfisoxazole,1
amicar,piroxicam,0
ambisome,propylthiouracil,0
probenecid,procanbid,1
anacin,kuric,0
fomepizole,omeprazole,1
doxil,paxil,1
reminyl,robinul,1
influenza virus vaccine,reprexain,0
amikin,pamelor,0
activase,levoleucovorin,0
alkeran,leukeran,1
proscar,taxotere,0
myleran,vexol,0
depakote er,toradol,0
darvon,novologmix 70 30 flexpen,0
b   o,naloxone,0
enjuvia,healon,0
intuniv,lyrica,0
amikin,plavix,0
darvon,lupron depot-3 month,0
opium tincture,paregoric,1
claritin eye,engerix-b adult,0
penicillin,pradax,0
adalimumab,sumatriptan,0
maalox,maalox total stomach relief,1
klonopin,levbid,0
jantoven,sandimmune,0
letaris,yaz,0
fentanyl,paclitaxel,0
coagulation factor ix,humapen memoir,0
hydrea,vesicare,0
kwell,qwell,1
adderall xr,buspirone,0
yasmin,yaz,1
loxitane,tizanidine,0
amlodipine,novolin,0
claritin-d 24,covera hs,0
iodine,oracea,0
amerge,bicitra,0
protamine,sinemet,0
fluvoxamine,ranexa,0
prograf,prozac,1
darvocet,percocet,1
dimenhydrinate,lovenox,0
tegretol,tequin,1
amlodipine,cathflo activase,0
comvax,recombivax hb,1
neulasta,paxil,0
cisplatin,zantac,0
30 novologmix 70 30,asacol,0
humulin,sarafem,0
chlorpromazine,jantoven,0
tolazamide,trazodone,0
comvax,opium tincture,0
gentian violet,nimodipine,0
doribax,zovirax,1
ambisome,amphotericin b,1
navane,oxycodone,0
pamelor,panlor dc,1
hydromorphone,roxicet,0
clonidine,latuda,0
kineret,topamax,0
lorazepam,lovaza,1
restoril,risperdal,1
atorvastatin,lithium carbonate,0
oxaprozin,oxcarbazepine,1
aggrenox,cymbalta,0
procan sr,procanbid,1
25 humulin70 30 kapidex casodex,invanz,0
hydrogesic,hydroxyzine,1
ethaverine,sirolimus,0
dilacor xr,pilocar,1
nystatin,zyban,0
chlorpropamide,epirubicin,0
dimenhydrinate,vzig,0
diovan,tolazamide,0
thalomid,thiamine,1
lunesta,mevacor,0
ado-trastuzumab emtansine,trastuzumab,1
bicitra,protamine,0
babybig,novologmix 70 30,0
mitomycin,paregoric,0
other products appear in red,zyloprim,0
novolin,novolog,1
paxil,yasmin,0
antivert,axert,1
klonopin,penicillin,0
arixtra,zolmitriptan,0
comvax,neupogen,0
avandamet,glacial acetic acid,0
durezol,fomepizole,0
cathflo activase,edetate calcium disodium,0
avandamet,nimodipine,0
opium tincture,sitagliptin,0
alprazolam,cyclosporine,0
silodosin,tramadol,0
diflucan,valganciclovir,0
prenexa,sulfadiazine,0
advicor,ritonavir,0
azilect,benadryl,0
prenexa,ranexa,1
kaletra,keppra,1
tiagabine,zebeta,0
sonata,yasmin,0
neulasta,risperidone,0
loxitane,seroquel xr,0
humalogmix 75 25,humulin70 30,1
clomipramine,taxol,0
ponatinib,soma,0
bupropion,sulfasalazine,0
mucinex,mucinex allergy,1
leukeran,pneumococcal polyvalent vaccine,0
ponatinib,sinequan,0
isordil,zyloprim,0
bayrho-d,ritalin,0
taxol,taxotere,1
flonase,pamelor,0
ambisome,lente,0
estratest,ortho tri-cyclen,0
guaifenesin,prednisolone,0
bicillin c-r,bicillin l-a,1
seroquel,seroquel xr,1
fiorinal,sarafem,0
bicitra,cedax,0
avinza,guanfacine,0
aggrastat,appear in black  generic,0
colazal,procanbid,0
leucovorin calcium,precose,0
edetate calcium disodium,edetate disodium,1
benazepril,mevacor,0
covaryx hs,norpramin,0
folex,orgaran,0
fluvoxamine,vosol,0
gentian violet,sotalol,0
chlordiazepoxide,humapen memoir,0
chlordiazepoxide,mucomyst,0
hydrea,lexiva,0
ado-trastuzumab emtansine,novolog,0
allegra anti-itch cream,claritin-d 24,0
aggrenox,methadone,0
edetate calcium disodium,viokase,0
b   o  belladonna,prozac,0
silodosin,sirolimus,1
nicardipine,tramadol,0
l-dopa,zegerid,0
cetirizine,plendil,0
hydrocodone,vosol,0
capex,duricef,0
olanzapine,sulfisoxazole,0
brevibloc,ropinirole,0
apresoline,nexium,0
adderall xr,eldepryl,0
clindesse,zyrtecitchy eye drops,0
duricef,zolmitriptan,0
dimenhydrinate,foltx,0
sulfasalazine,valcyte,0
xanax,zantac,1
janumet,vzig,0
ethaverine,fioricet,0
pazopanib,videx,0
denavir,indinavir,1
tenex,xanax,1
cedax,orgaran,0
foradil,reminyl,0
capadex,metadate er,0
amaryl,symbyax,0
coagulation factor ix,prograf,0
cyclosporine,materna,0
ritalin,ritodrine,1
maalox,saquinavir,0
cathflo activase,novologmix 70 30 flexpen,0
ritodrine,spiriva,0
actonel,occlusal-hp,0
reserpine,risperdal,1
wellbutrin sr,wellbutrin xl,1
lovaza,warfarin,0
babybig,neumega,0
prednisolone,toprol-xl,0
estratest,glipizide,0
humalog,humulin,1
ephedrine,epinephrine,1
testoderm,valacyclovir,0
roxanol,roxicet,1
inderal,metoprolol succinate,0
leukeran,myleran,1
humapen memoir,rituximab,0
aldara,zocor,0
chlorpropamide,fomepizole,0
ethambutol,seroquel,0
activase,nicardipine,0
amiodipine,ultram,0
lithium carbonate,salagen,0
renagel,renvela,1
saquinavir,seroquel,0
quinidine,quinine,1
celexa,zyprexa,1
colchicine,cortrosyn,1
midrin,noroxin,0
invega,valcyte,0
buspirone,lamictal,0
engerix-b adult,metformin,0
desipramine,zelapar,0
adderall,razadyne,0
paxil,taxol,1
priscoline,seroquel xr,0
casodex,hydrea,0
argatroban,factor ix complex  vapor heated,0
percocet,procet,1
neurontin,testoderm,0
factor ix complex  vapor heated,inderal,0
lamictal,trastuzumab,0
patanol,solu-cortef,0
alprazolam,diabeta,0
paroxetine,piroxicam,1
cerebyx,plavix,0
oxycodone,yaz,0
prednisone,trastuzumab,0
amlodipine,plendil,0
tiazac,ziac,1
roxanol,roxicodone intensol,1
levemir,lovenox,1
capadex,rituximab,0
florastor,florinef,1
amaryl,natru-vent,0
recombivax hb,symbyax,0
amaryl,eribulin,0
atrovent,ketorolac,0
nifedipine,nimodipine,1
alora,brethine,0
b   o  belladonna,opium  beano celexa cerebyx,1
engerix-b pediatric adolescent,tiagabine,0
perflutren lipid microspheres,zolpidem,0
isordil,methylprednisolone,0
ritonavir,sonata,0
idarubicin,prenexa,0
captopril,carvedilol,1
epirubicin,humapen memoir,0
atomoxetine,soriatane,0
valacyclovir,valganciclovir,1
taxotere,thiamine,0
allegra anti-itch cream,mephyton,0
25 humulin70 30 kapidex casodex,humalogmix 75,1
duloxetine,fluoxetine,1
cyclophosphamide,cyclosporine,1
methylprednisolone,prednisone,1
lorazepam,micronase,0
cidex,tegretol xr,0
darvocet,prozac,0
prilosec,pristiq,1
janumet,januvia,1
gentamicin,mucinex d,0
seroquel xr,trental,0
amantadine,dimenhydrinate,0
robinul,tylenol,0
amaryl,tretinoin,0
lotronex,prozac,0
arixtra,epirubicin,0
leukeran,warfarin,0
oxcarbazepine,soriatane,0
engerix-b adult,folex,0
foltx,rifadin,0
bicitra,polycitra,1
hydroxyzine,pyridoxine,0
mucinex,mucomyst,1
carac,daunorubicin citrate liposomal,0
hbig,noroxin,0
carvedilol,tromethamine,0
colace,cozaar,1
kineret,xanax,0
viracept,zyprexa,0
amiloride,atorvastatin,0
janumet,sinemet,1
lexapro,testoderm,0
casodex,pneumococcal polyvalent vaccine,0
zocor,zyrtec,1
femhrt,neurontin,0
cyclosporine,rifadin,0
buspirone,risperidone,1
anacin-3,videx,0
clonidine,klonopin,1
plendil,rifampin,0
viokase,viokase 8,1
capex,pyridoxine,0
etravirine,procet,0
estratest,lariam,0
amiodarone,amiodipine,1
precare,tambocor,0
dynacirc,sudafed 12 hour,0
flovent,prednisone,0
avinza,invanz,1
varivax,vzig,1
disopyramide,kineret,0
cetirizine,stavudine,1
apidra,lente,0
tracleer,tricor,1
dilaudid-5,rifaximin,0
effexor,enjuvia,0
acetic acid for irrigation,tobrex,0
effexor,effexor xr,1
tegretol,toradol,1
dopamine,fetzima,0
aricept,azilect,1
maxzide,microzide,1
novolin70 30,t-gel,0
edetate calcium disodium,testoderm with adhesive,0
benicar,humulinr u-500,0
anzemet,avandamet,1
bayhep-b,luvox,0
precare,tiazac,0
colazal,humira pen,0
darvon,ticlid,0
flavoxate,fluvoxamine,1
claritin-d,vesicare,0
nicardipine,saquinavir mesylate,0
ketalar,ketorolac,1
cetirizine,zyprexa,0
humulin,novolin,1
nalbuphine,zerit,0
beano,methylene blue,0
aciphex,nalbuphine,0
seroquel,tegretol,0
os-cal,retrovir,0
amantadine,restoril,0
levetiracetam,reminyl,0
durasal,tracleer,0
diovan,zyban,1
carbamazepine,mirapex,0
maalox total stomach relief,tylenol pm,0
elavil,hydroxyzine,0
rifampin,rifaximin,1
fetzima,salagen,0
norcuron,zolmitriptan,0
antacid,zebeta,0
celexa,cerebyx,1
intuniv,ponatinib,0
neumega,prilosec,0
sandimmune,yaz,0
lipitor,tracleer,0
avandia,novolin70 30,0
k-phos neutral,neutra-phos-k,1
carbamazepine,oxcarbazepine,1
accupril,aciphex,1
micronase,soriatane,0
celexa,ultracet,0
os-cal,solu-cortef,0
fomepizole,precare,0
cefazolin,ceftriaxone,1
viokase,warfarin,0
celexa,protain xl,0
dioval,diovan,1
glyburide,tricor,0
levbid,ropinirole,0
durasal,durezol,1
humalogmix 75 25,ritonavir,0
gentian violet,guaifenesin,0
pyridium,pyridoxine,1
celebrex,roxicet,0
pemetrexed,pralatrexate,1
imipramine,lasix,0
bextra,maalox total stomach relief,0
micronase,neupogen,0
femara,zebeta,0
factor ix complex  vapor heated,maalox total stomach relief,0
carvedilol,penicillamine,0
cardizem,levodopa,0
engerix-b pediatric adolescent,omacor,0
sitagliptin,wellbutrin sr,0
letaris,ritalin la,0
daunorubicin,doxorubicin,1
bicitra,valganciclovir,0
amikin,kineret,1
eldepryl,serzone,0
ms contin,zetia,0
humalog,novolog,1
microzide,reminyl,0
protonix,tequin,0
coumadin,vioxx,0
lantus,lente,1
enbrel,flavoxate,0
amantadine,qwell,0
lovenox,pristiq,0
daptacel,mevacor,0
doxorubicin,doxorubicin liposomal,1
hydrea,xenical,0
paclitaxel,roxanol,0
methadone,metolazone,1
capadex,tobrex,0
leucovorin calcium,levoleucovorin,1
mifepristone,ranexa,0
soriatane,tiazac,0
denavir,influenza virus vaccine,0
bayhep-b,bayrab,1
daunorubicin citrate liposomal,maalox,0
avinza,opium tincture,0
claritin eye,testoderm tts,0
glipizide,glyburide,1
ketorolac,nifedipine,0
amphotericin b,opium tincture,0
floranex,nexium,0
comvax,levbid,0
amicar,omacor,1
zovirax,zyvox,1
fortical,tenex,0
diabenese,femara,0
floranex,pentobarbital,0
ortho tri-cyclen,zegerid,0
levetiracetam,levocarnitine,1
narcan,paclitaxel protein-bound particles,0
glucotrol,ritalin sr,0
aggrenox,patanol,0
mucinex d,potassium acetate,0
oracea,pamelor,0
clozaril,colazal,1
